language,keyword,cluster,intent,priority,recommended_url,recommended_h1,recommended_title,recommended_meta_description,similar_keywords,page_exists,notes
UA,аварійне відкриття замків Київ,main,комерційний,високий,/,Аварійне відкриття замків київ,Аварійне відкриття замків київ - OpenMe,"Аварійне відкриття замків київ у Києві від OpenMe. Швидко, акуратно та без зайвих пошкоджень.",,yes,Покривається головною сторінкою та загальними сервісами.
UA,відкрити замок Київ,main,комерційний,високий,/,Відкрити замок київ,Відкрити замок київ - OpenMe,"Відкрити замок київ у Києві від OpenMe. Швидко, акуратно та без зайвих пошкоджень.",,yes,Покривається головною сторінкою та загальними сервісами.
UA,відкриття замків Київ,main,комерційний,високий,/,Відкриття замків київ,Відкриття замків київ - OpenMe,"Відкриття замків київ у Києві від OpenMe. Швидко, акуратно та без зайвих пошкоджень.",,yes,Покривається головною сторінкою та загальними сервісами.
UA,майстер по замках Київ,main,комерційний,високий,/,Майстер по замках київ,Майстер по замках київ - OpenMe,"Майстер по замках київ у Києві від OpenMe. Швидко, акуратно та без зайвих пошкоджень.",,yes,Покривається головною сторінкою та загальними сервісами.
UA,замковий майстер Київ,main,комерційний,високий,/,Замковий майстер київ,Замковий майстер київ - OpenMe,"Замковий майстер київ у Києві від OpenMe. Швидко, акуратно та без зайвих пошкоджень.",,yes,Покривається головною сторінкою та загальними сервісами.
UA,аварійна служба відкриття замків Київ,main,комерційний,високий,/,Аварійна служба відкриття замків київ,Аварійна служба відкриття замків київ - OpenMe,"Аварійна служба відкриття замків київ у Києві від OpenMe. Швидко, акуратно та без зайвих пошкоджень.",,yes,Покривається головною сторінкою та загальними сервісами.
UA,відкриття замків 24/7 Київ,main,комерційний,високий,/,Відкриття замків 24/7 київ,Відкриття замків 24/7 київ - OpenMe,"Відкриття замків 24/7 київ у Києві від OpenMe. Швидко, акуратно та без зайвих пошкоджень.",,yes,Покривається головною сторінкою та загальними сервісами.
UA,відкрити замок без пошкоджень Київ,main,комерційний,високий,/,Відкрити замок без пошкоджень київ,Відкрити замок без пошкоджень київ - OpenMe,"Відкрити замок без пошкоджень київ у Києві від OpenMe. Швидко, акуратно та без зайвих пошкоджень.",,yes,Покривається головною сторінкою та загальними сервісами.
UA,відкрити двері Київ,doors,комерційний,високий,/avariine-vidkryttia-dverei/,Відкрити двері київ,Відкрити двері київ - OpenMe,"Відкрити двері київ у Києві від OpenMe. Швидко, акуратно та без зайвих пошкоджень.",,yes,Покривається сторінкою аварійного відкриття дверей.
UA,аварійне відкриття дверей Київ,doors,комерційний,високий,/avariine-vidkryttia-dverei/,Аварійне відкриття дверей київ,Аварійне відкриття дверей київ - OpenMe,"Аварійне відкриття дверей київ у Києві від OpenMe. Швидко, акуратно та без зайвих пошкоджень.",,yes,Покривається сторінкою аварійного відкриття дверей.
UA,відкриття дверей Київ,doors,комерційний,високий,/avariine-vidkryttia-dverei/,Відкриття дверей київ,Відкриття дверей київ - OpenMe,"Відкриття дверей київ у Києві від OpenMe. Швидко, акуратно та без зайвих пошкоджень.",,yes,Покривається сторінкою аварійного відкриття дверей.
UA,відкриття квартири Київ,doors,комерційний,високий,/avariine-vidkryttia-dverei/,Відкриття квартири київ,Відкриття квартири київ - OpenMe,"Відкриття квартири київ у Києві від OpenMe. Швидко, акуратно та без зайвих пошкоджень.",,yes,Покривається сторінкою аварійного відкриття дверей.
UA,відкрити квартиру Київ,doors,комерційний,високий,/avariine-vidkryttia-dverei/,Відкрити квартиру київ,Відкрити квартиру київ - OpenMe,"Відкрити квартиру київ у Києві від OpenMe. Швидко, акуратно та без зайвих пошкоджень.",,yes,Покривається сторінкою аварійного відкриття дверей.
UA,заклинив замок у дверях,doors,інформаційний,середній,/avariine-vidkryttia-dverei/,Заклинив замок у дверях,Заклинив замок у дверях - OpenMe,"Заклинив замок у дверях у Києві від OpenMe. Швидко, акуратно та без зайвих пошкоджень.",,yes,Покривається сторінкою аварійного відкриття дверей.
UA,ключ зламався в замку,doors,інформаційний,середній,/avariine-vidkryttia-dverei/,Ключ зламався в замку,Ключ зламався в замку - OpenMe,"Ключ зламався в замку у Києві від OpenMe. Швидко, акуратно та без зайвих пошкоджень.",,yes,Покривається сторінкою аварійного відкриття дверей.
UA,ключ залишився у квартирі,doors,інформаційний,середній,/avariine-vidkryttia-dverei/,Ключ залишився у квартирі,Ключ залишився у квартирі - OpenMe,"Ключ залишився у квартирі у Києві від OpenMe. Швидко, акуратно та без зайвих пошкоджень.",,yes,Покривається сторінкою аварійного відкриття дверей.
UA,двері зачинились що робити,doors,інформаційний,середній,/avariine-vidkryttia-dverei/,Двері зачинились що робити,Двері зачинились що робити - OpenMe,"Двері зачинились що робити у Києві від OpenMe. Швидко, акуратно та без зайвих пошкоджень.",,yes,Покривається сторінкою аварійного відкриття дверей.
UA,відкриття авто Київ,car,комерційний,високий,/avariine-vidkryttia-avto/,Відкриття авто київ,Відкриття авто київ - OpenMe,"Відкриття авто київ у Києві від OpenMe. Швидко, акуратно та без зайвих пошкоджень.",,yes,Сторінка аварійного відкриття авто покриває запит.
UA,аварійне відкриття авто Київ,car,комерційний,високий,/avariine-vidkryttia-avto/,Аварійне відкриття авто київ,Аварійне відкриття авто київ - OpenMe,"Аварійне відкриття авто київ у Києві від OpenMe. Швидко, акуратно та без зайвих пошкоджень.",,yes,Сторінка аварійного відкриття авто покриває запит.
UA,відкрити машину Київ,car,комерційний,високий,/avariine-vidkryttia-avto/,Відкрити машину київ,Відкрити машину київ - OpenMe,"Відкрити машину київ у Києві від OpenMe. Швидко, акуратно та без зайвих пошкоджень.",,yes,Сторінка аварійного відкриття авто покриває запит.
UA,відкрити авто без пошкоджень,car,комерційний,високий,/avariine-vidkryttia-avto/,Відкрити авто без пошкоджень,Відкрити авто без пошкоджень - OpenMe,"Відкрити авто без пошкоджень у Києві від OpenMe. Швидко, акуратно та без зайвих пошкоджень.",,yes,Сторінка аварійного відкриття авто покриває запит.
UA,ключі залишились в машині,car,інформаційний,середній,/avariine-vidkryttia-avto/,Ключі залишились в машині,Ключі залишились в машині - OpenMe,"Ключі залишились в машині у Києві від OpenMe. Швидко, акуратно та без зайвих пошкоджень.",,yes,Сторінка аварійного відкриття авто покриває запит.
UA,машина закрилась ключі всередині,car,інформаційний,середній,/avariine-vidkryttia-avto/,Машина закрилась ключі всередині,Машина закрилась ключі всередині - OpenMe,"Машина закрилась ключі всередині у Києві від OpenMe. Швидко, акуратно та без зайвих пошкоджень.",,yes,Сторінка аварійного відкриття авто покриває запит.
UA,не відкривається авто Київ,car,інформаційний,середній,/avariine-vidkryttia-avto/,Не відкривається авто київ,Не відкривається авто київ - OpenMe,"Не відкривається авто київ у Києві від OpenMe. Швидко, акуратно та без зайвих пошкоджень.",,yes,Сторінка аварійного відкриття авто покриває запит.
UA,відкрити багажник Київ,car,комерційний,високий,/avariine-vidkryttia-avto/,Відкрити багажник київ,Відкрити багажник київ - OpenMe,"Відкрити багажник київ у Києві від OpenMe. Швидко, акуратно та без зайвих пошкоджень.",,yes,Сторінка аварійного відкриття авто покриває запит.
UA,відкрити сейф Київ,safe,комерційний,високий,/vidkryttia-seifiv/,Відкрити сейф київ,Відкрити сейф київ - OpenMe,"Відкрити сейф київ у Києві від OpenMe. Швидко, акуратно та без зайвих пошкоджень.",,yes,Сторінка відкриття сейфів відповідає запиту.
UA,відкриття сейфів Київ,safe,комерційний,високий,/vidkryttia-seifiv/,Відкриття сейфів київ,Відкриття сейфів київ - OpenMe,"Відкриття сейфів київ у Києві від OpenMe. Швидко, акуратно та без зайвих пошкоджень.",,yes,Сторінка відкриття сейфів відповідає запиту.
UA,аварійне відкриття сейфа,safe,комерційний,високий,/vidkryttia-seifiv/,Аварійне відкриття сейфа,Аварійне відкриття сейфа - OpenMe,"Аварійне відкриття сейфа у Києві від OpenMe. Швидко, акуратно та без зайвих пошкоджень.",,yes,Сторінка відкриття сейфів відповідає запиту.
UA,забув код від сейфа,safe,інформаційний,середній,/vidkryttia-seifiv/,Забув код від сейфа,Забув код від сейфа - OpenMe,"Забув код від сейфа у Києві від OpenMe. Швидко, акуратно та без зайвих пошкоджень.",,yes,Сторінка відкриття сейфів відповідає запиту.
UA,сейф не відкривається,safe,інформаційний,середній,/vidkryttia-seifiv/,Сейф не відкривається,Сейф не відкривається - OpenMe,"Сейф не відкривається у Києві від OpenMe. Швидко, акуратно та без зайвих пошкоджень.",,yes,Сторінка відкриття сейфів відповідає запиту.
UA,загубив ключ від сейфа,safe,інформаційний,середній,/vidkryttia-seifiv/,Загубив ключ від сейфа,Загубив ключ від сейфа - OpenMe,"Загубив ключ від сейфа у Києві від OpenMe. Швидко, акуратно та без зайвих пошкоджень.",,yes,Сторінка відкриття сейфів відповідає запиту.
UA,відкрити гараж Київ,garage,комерційний,високий,/vidkryttia-harazhiv/,Відкрити гараж київ,Відкрити гараж київ - OpenMe,"Відкрити гараж київ у Києві від OpenMe. Швидко, акуратно та без зайвих пошкоджень.",,yes,Покривається сторінкою відкриття гаражів.
UA,відкриття гаража Київ,garage,комерційний,високий,/vidkryttia-harazhiv/,Відкриття гаража київ,Відкриття гаража київ - OpenMe,"Відкриття гаража київ у Києві від OpenMe. Швидко, акуратно та без зайвих пошкоджень.",,yes,Покривається сторінкою відкриття гаражів.
UA,заклинив гаражний замок,garage,комерційний,середній,/vidkryttia-harazhiv/,Заклинив гаражний замок,Заклинив гаражний замок - OpenMe,"Заклинив гаражний замок у Києві від OpenMe. Швидко, акуратно та без зайвих пошкоджень.",,yes,Покривається сторінкою відкриття гаражів.
UA,відкрити навісний замок Київ,garage,комерційний,високий,/vidkryttia-harazhiv/,Відкрити навісний замок київ,Відкрити навісний замок київ - OpenMe,"Відкрити навісний замок київ у Києві від OpenMe. Швидко, акуратно та без зайвих пошкоджень.",,yes,Покривається сторінкою відкриття гаражів.
UA,майстер по гаражних замках,garage,комерційний,середній,/vidkryttia-harazhiv/,Майстер по гаражних замках,Майстер по гаражних замках - OpenMe,"Майстер по гаражних замках у Києві від OpenMe. Швидко, акуратно та без зайвих пошкоджень.",,yes,Покривається сторінкою відкриття гаражів.
UA,ремонт замків Київ,repair,комерційний,високий,/remont-zamina-zamkiv/,Ремонт замків київ,Ремонт замків київ - OpenMe,"Ремонт замків київ у Києві від OpenMe. Швидко, акуратно та без зайвих пошкоджень.",,yes,Покривається сторінкою ремонту і заміни замків.
UA,заміна замків Київ,repair,комерційний,високий,/remont-zamina-zamkiv/,Заміна замків київ,Заміна замків київ - OpenMe,"Заміна замків київ у Києві від OpenMe. Швидко, акуратно та без зайвих пошкоджень.",,yes,Покривається сторінкою ремонту і заміни замків.
UA,заміна серцевини замка Київ,repair,комерційний,високий,/remont-zamina-zamkiv/,Заміна серцевини замка київ,Заміна серцевини замка київ - OpenMe,"Заміна серцевини замка київ у Києві від OpenMe. Швидко, акуратно та без зайвих пошкоджень.",,yes,Покривається сторінкою ремонту і заміни замків.
UA,ремонт дверного замка,repair,комерційний,високий,/remont-zamina-zamkiv/,Ремонт дверного замка,Ремонт дверного замка - OpenMe,"Ремонт дверного замка у Києві від OpenMe. Швидко, акуратно та без зайвих пошкоджень.",,yes,Покривається сторінкою ремонту і заміни замків.
UA,заміна замка після втрати ключів,repair,комерційний,високий,/remont-zamina-zamkiv/,Заміна замка після втрати ключів,Заміна замка після втрати ключів - OpenMe,"Заміна замка після втрати ключів у Києві від OpenMe. Швидко, акуратно та без зайвих пошкоджень.",,yes,Покривається сторінкою ремонту і заміни замків.
UA,заміна замка після злому,repair,комерційний,високий,/remont-zamina-zamkiv/,Заміна замка після злому,Заміна замка після злому - OpenMe,"Заміна замка після злому у Києві від OpenMe. Швидко, акуратно та без зайвих пошкоджень.",,yes,Покривається сторінкою ремонту і заміни замків.
UA,заклинив замок що робити,repair,інформаційний,середній,/remont-zamina-zamkiv/,Заклинив замок що робити,Заклинив замок що робити - OpenMe,"Заклинив замок що робити у Києві від OpenMe. Швидко, акуратно та без зайвих пошкоджень.",,yes,Покривається сторінкою ремонту і заміни замків.
UA,майстер по ремонту замків Київ,repair,комерційний,високий,/remont-zamina-zamkiv/,Майстер по ремонту замків київ,Майстер по ремонту замків київ - OpenMe,"Майстер по ремонту замків київ у Києві від OpenMe. Швидко, акуратно та без зайвих пошкоджень.",,yes,Покривається сторінкою ремонту і заміни замків.
UA,відкрити замок Оболонь,districts,локальний,середній,/raiony/obolon/,Відкрити замок оболонь,Відкрити замок оболонь - OpenMe,"Відкрити замок оболонь у Києві від OpenMe. Швидко, акуратно та без зайвих пошкоджень.",,yes,Покривається районною сторінкою.
UA,відкриття дверей Оболонь,districts,локальний,середній,/raiony/obolon/,Відкриття дверей оболонь,Відкриття дверей оболонь - OpenMe,"Відкриття дверей оболонь у Києві від OpenMe. Швидко, акуратно та без зайвих пошкоджень.",,yes,Покривається районною сторінкою.
UA,аварійне відкриття дверей Оболонь,districts,локальний,середній,/raiony/obolon/,Аварійне відкриття дверей оболонь,Аварійне відкриття дверей оболонь - OpenMe,"Аварійне відкриття дверей оболонь у Києві від OpenMe. Швидко, акуратно та без зайвих пошкоджень.",,yes,Покривається районною сторінкою.
UA,відкриття авто Оболонь,districts,локальний,середній,/raiony/obolon/,Відкриття авто оболонь,Відкриття авто оболонь - OpenMe,"Відкриття авто оболонь у Києві від OpenMe. Швидко, акуратно та без зайвих пошкоджень.",,yes,Покривається районною сторінкою.
UA,ремонт замків Оболонь,districts,локальний,середній,/raiony/obolon/,Ремонт замків оболонь,Ремонт замків оболонь - OpenMe,"Ремонт замків оболонь у Києві від OpenMe. Швидко, акуратно та без зайвих пошкоджень.",,yes,Покривається районною сторінкою.
UA,заміна замків Оболонь,districts,локальний,середній,/raiony/obolon/,Заміна замків оболонь,Заміна замків оболонь - OpenMe,"Заміна замків оболонь у Києві від OpenMe. Швидко, акуратно та без зайвих пошкоджень.",,yes,Покривається районною сторінкою.
UA,майстер по замках Оболонь,districts,локальний,середній,/raiony/obolon/,Майстер по замках оболонь,Майстер по замках оболонь - OpenMe,"Майстер по замках оболонь у Києві від OpenMe. Швидко, акуратно та без зайвих пошкоджень.",,yes,Покривається районною сторінкою.
UA,відкрити замок Позняки,districts,локальний,середній,/raiony/pozniaky/,Відкрити замок позняки,Відкрити замок позняки - OpenMe,"Відкрити замок позняки у Києві від OpenMe. Швидко, акуратно та без зайвих пошкоджень.",,yes,Покривається районною сторінкою.
UA,відкриття дверей Позняки,districts,локальний,середній,/raiony/pozniaky/,Відкриття дверей позняки,Відкриття дверей позняки - OpenMe,"Відкриття дверей позняки у Києві від OpenMe. Швидко, акуратно та без зайвих пошкоджень.",,yes,Покривається районною сторінкою.
UA,аварійне відкриття дверей Позняки,districts,локальний,середній,/raiony/pozniaky/,Аварійне відкриття дверей позняки,Аварійне відкриття дверей позняки - OpenMe,"Аварійне відкриття дверей позняки у Києві від OpenMe. Швидко, акуратно та без зайвих пошкоджень.",,yes,Покривається районною сторінкою.
UA,відкриття авто Позняки,districts,локальний,середній,/raiony/pozniaky/,Відкриття авто позняки,Відкриття авто позняки - OpenMe,"Відкриття авто позняки у Києві від OpenMe. Швидко, акуратно та без зайвих пошкоджень.",,yes,Покривається районною сторінкою.
UA,ремонт замків Позняки,districts,локальний,середній,/raiony/pozniaky/,Ремонт замків позняки,Ремонт замків позняки - OpenMe,"Ремонт замків позняки у Києві від OpenMe. Швидко, акуратно та без зайвих пошкоджень.",,yes,Покривається районною сторінкою.
UA,заміна замків Позняки,districts,локальний,середній,/raiony/pozniaky/,Заміна замків позняки,Заміна замків позняки - OpenMe,"Заміна замків позняки у Києві від OpenMe. Швидко, акуратно та без зайвих пошкоджень.",,yes,Покривається районною сторінкою.
UA,майстер по замках Позняки,districts,локальний,середній,/raiony/pozniaky/,Майстер по замках позняки,Майстер по замках позняки - OpenMe,"Майстер по замках позняки у Києві від OpenMe. Швидко, акуратно та без зайвих пошкоджень.",,yes,Покривається районною сторінкою.
UA,відкрити замок Печерськ,districts,локальний,середній,/raiony/pechersk/,Відкрити замок печерськ,Відкрити замок печерськ - OpenMe,"Відкрити замок печерськ у Києві від OpenMe. Швидко, акуратно та без зайвих пошкоджень.",,yes,Покривається районною сторінкою.
UA,відкриття дверей Печерськ,districts,локальний,середній,/raiony/pechersk/,Відкриття дверей печерськ,Відкриття дверей печерськ - OpenMe,"Відкриття дверей печерськ у Києві від OpenMe. Швидко, акуратно та без зайвих пошкоджень.",,yes,Покривається районною сторінкою.
UA,аварійне відкриття дверей Печерськ,districts,локальний,середній,/raiony/pechersk/,Аварійне відкриття дверей печерськ,Аварійне відкриття дверей печерськ - OpenMe,"Аварійне відкриття дверей печерськ у Києві від OpenMe. Швидко, акуратно та без зайвих пошкоджень.",,yes,Покривається районною сторінкою.
UA,відкриття авто Печерськ,districts,локальний,середній,/raiony/pechersk/,Відкриття авто печерськ,Відкриття авто печерськ - OpenMe,"Відкриття авто печерськ у Києві від OpenMe. Швидко, акуратно та без зайвих пошкоджень.",,yes,Покривається районною сторінкою.
UA,ремонт замків Печерськ,districts,локальний,середній,/raiony/pechersk/,Ремонт замків печерськ,Ремонт замків печерськ - OpenMe,"Ремонт замків печерськ у Києві від OpenMe. Швидко, акуратно та без зайвих пошкоджень.",,yes,Покривається районною сторінкою.
UA,заміна замків Печерськ,districts,локальний,середній,/raiony/pechersk/,Заміна замків печерськ,Заміна замків печерськ - OpenMe,"Заміна замків печерськ у Києві від OpenMe. Швидко, акуратно та без зайвих пошкоджень.",,yes,Покривається районною сторінкою.
UA,майстер по замках Печерськ,districts,локальний,середній,/raiony/pechersk/,Майстер по замках печерськ,Майстер по замках печерськ - OpenMe,"Майстер по замках печерськ у Києві від OpenMe. Швидко, акуратно та без зайвих пошкоджень.",,yes,Покривається районною сторінкою.
UA,відкрити замок Троєщина,districts,локальний,середній,/raiony/troieshchyna/,Відкрити замок троєщина,Відкрити замок троєщина - OpenMe,"Відкрити замок троєщина у Києві від OpenMe. Швидко, акуратно та без зайвих пошкоджень.",,yes,Покривається районною сторінкою.
UA,відкриття дверей Троєщина,districts,локальний,середній,/raiony/troieshchyna/,Відкриття дверей троєщина,Відкриття дверей троєщина - OpenMe,"Відкриття дверей троєщина у Києві від OpenMe. Швидко, акуратно та без зайвих пошкоджень.",,yes,Покривається районною сторінкою.
UA,аварійне відкриття дверей Троєщина,districts,локальний,середній,/raiony/troieshchyna/,Аварійне відкриття дверей троєщина,Аварійне відкриття дверей троєщина - OpenMe,"Аварійне відкриття дверей троєщина у Києві від OpenMe. Швидко, акуратно та без зайвих пошкоджень.",,yes,Покривається районною сторінкою.
UA,відкриття авто Троєщина,districts,локальний,середній,/raiony/troieshchyna/,Відкриття авто троєщина,Відкриття авто троєщина - OpenMe,"Відкриття авто троєщина у Києві від OpenMe. Швидко, акуратно та без зайвих пошкоджень.",,yes,Покривається районною сторінкою.
UA,ремонт замків Троєщина,districts,локальний,середній,/raiony/troieshchyna/,Ремонт замків троєщина,Ремонт замків троєщина - OpenMe,"Ремонт замків троєщина у Києві від OpenMe. Швидко, акуратно та без зайвих пошкоджень.",,yes,Покривається районною сторінкою.
UA,заміна замків Троєщина,districts,локальний,середній,/raiony/troieshchyna/,Заміна замків троєщина,Заміна замків троєщина - OpenMe,"Заміна замків троєщина у Києві від OpenMe. Швидко, акуратно та без зайвих пошкоджень.",,yes,Покривається районною сторінкою.
UA,майстер по замках Троєщина,districts,локальний,середній,/raiony/troieshchyna/,Майстер по замках троєщина,Майстер по замках троєщина - OpenMe,"Майстер по замках троєщина у Києві від OpenMe. Швидко, акуратно та без зайвих пошкоджень.",,yes,Покривається районною сторінкою.
UA,відкрити замок Солом’янський район,districts,локальний,середній,/raiony/solomianskyi-raion/,Відкрити замок солом’янський район,Відкрити замок солом’янський район - OpenMe,"Відкрити замок солом’янський район у Києві від OpenMe. Швидко, акуратно та без зайвих пошкоджень.",,yes,Покривається районною сторінкою.
UA,відкриття дверей Солом’янський район,districts,локальний,середній,/raiony/solomianskyi-raion/,Відкриття дверей солом’янський район,Відкриття дверей солом’янський район - OpenMe,"Відкриття дверей солом’янський район у Києві від OpenMe. Швидко, акуратно та без зайвих пошкоджень.",,yes,Покривається районною сторінкою.
UA,аварійне відкриття дверей Солом’янський район,districts,локальний,середній,/raiony/solomianskyi-raion/,Аварійне відкриття дверей солом’янський район,Аварійне відкриття дверей солом’янський район - OpenMe,"Аварійне відкриття дверей солом’янський район у Києві від OpenMe. Швидко, акуратно та без зайвих пошкоджень.",,yes,Покривається районною сторінкою.
UA,відкриття авто Солом’янський район,districts,локальний,середній,/raiony/solomianskyi-raion/,Відкриття авто солом’янський район,Відкриття авто солом’янський район - OpenMe,"Відкриття авто солом’янський район у Києві від OpenMe. Швидко, акуратно та без зайвих пошкоджень.",,yes,Покривається районною сторінкою.
UA,ремонт замків Солом’янський район,districts,локальний,середній,/raiony/solomianskyi-raion/,Ремонт замків солом’янський район,Ремонт замків солом’янський район - OpenMe,"Ремонт замків солом’янський район у Києві від OpenMe. Швидко, акуратно та без зайвих пошкоджень.",,yes,Покривається районною сторінкою.
UA,заміна замків Солом’янський район,districts,локальний,середній,/raiony/solomianskyi-raion/,Заміна замків солом’янський район,Заміна замків солом’янський район - OpenMe,"Заміна замків солом’янський район у Києві від OpenMe. Швидко, акуратно та без зайвих пошкоджень.",,yes,Покривається районною сторінкою.
UA,майстер по замках Солом’янський район,districts,локальний,середній,/raiony/solomianskyi-raion/,Майстер по замках солом’янський район,Майстер по замках солом’янський район - OpenMe,"Майстер по замках солом’янський район у Києві від OpenMe. Швидко, акуратно та без зайвих пошкоджень.",,yes,Покривається районною сторінкою.
UA,відкрити замок Шевченківський район,districts,локальний,середній,/raiony/shevchenkivskyi-raion/,Відкрити замок шевченківський район,Відкрити замок шевченківський район - OpenMe,"Відкрити замок шевченківський район у Києві від OpenMe. Швидко, акуратно та без зайвих пошкоджень.",,yes,Покривається районною сторінкою.
UA,відкриття дверей Шевченківський район,districts,локальний,середній,/raiony/shevchenkivskyi-raion/,Відкриття дверей шевченківський район,Відкриття дверей шевченківський район - OpenMe,"Відкриття дверей шевченківський район у Києві від OpenMe. Швидко, акуратно та без зайвих пошкоджень.",,yes,Покривається районною сторінкою.
UA,аварійне відкриття дверей Шевченківський район,districts,локальний,середній,/raiony/shevchenkivskyi-raion/,Аварійне відкриття дверей шевченківський район,Аварійне відкриття дверей шевченківський район - OpenMe,"Аварійне відкриття дверей шевченківський район у Києві від OpenMe. Швидко, акуратно та без зайвих пошкоджень.",,yes,Покривається районною сторінкою.
UA,відкриття авто Шевченківський район,districts,локальний,середній,/raiony/shevchenkivskyi-raion/,Відкриття авто шевченківський район,Відкриття авто шевченківський район - OpenMe,"Відкриття авто шевченківський район у Києві від OpenMe. Швидко, акуратно та без зайвих пошкоджень.",,yes,Покривається районною сторінкою.
UA,ремонт замків Шевченківський район,districts,локальний,середній,/raiony/shevchenkivskyi-raion/,Ремонт замків шевченківський район,Ремонт замків шевченківський район - OpenMe,"Ремонт замків шевченківський район у Києві від OpenMe. Швидко, акуратно та без зайвих пошкоджень.",,yes,Покривається районною сторінкою.
UA,заміна замків Шевченківський район,districts,локальний,середній,/raiony/shevchenkivskyi-raion/,Заміна замків шевченківський район,Заміна замків шевченківський район - OpenMe,"Заміна замків шевченківський район у Києві від OpenMe. Швидко, акуратно та без зайвих пошкоджень.",,yes,Покривається районною сторінкою.
UA,майстер по замках Шевченківський район,districts,локальний,середній,/raiony/shevchenkivskyi-raion/,Майстер по замках шевченківський район,Майстер по замках шевченківський район - OpenMe,"Майстер по замках шевченківський район у Києві від OpenMe. Швидко, акуратно та без зайвих пошкоджень.",,yes,Покривається районною сторінкою.
UA,відкрити замок Голосіївський район,districts,локальний,середній,/raiony/holosiivskyi-raion/,Відкрити замок голосіївський район,Відкрити замок голосіївський район - OpenMe,"Відкрити замок голосіївський район у Києві від OpenMe. Швидко, акуратно та без зайвих пошкоджень.",,yes,Покривається районною сторінкою.
UA,відкриття дверей Голосіївський район,districts,локальний,середній,/raiony/holosiivskyi-raion/,Відкриття дверей голосіївський район,Відкриття дверей голосіївський район - OpenMe,"Відкриття дверей голосіївський район у Києві від OpenMe. Швидко, акуратно та без зайвих пошкоджень.",,yes,Покривається районною сторінкою.
UA,аварійне відкриття дверей Голосіївський район,districts,локальний,середній,/raiony/holosiivskyi-raion/,Аварійне відкриття дверей голосіївський район,Аварійне відкриття дверей голосіївський район - OpenMe,"Аварійне відкриття дверей голосіївський район у Києві від OpenMe. Швидко, акуратно та без зайвих пошкоджень.",,yes,Покривається районною сторінкою.
UA,відкриття авто Голосіївський район,districts,локальний,середній,/raiony/holosiivskyi-raion/,Відкриття авто голосіївський район,Відкриття авто голосіївський район - OpenMe,"Відкриття авто голосіївський район у Києві від OpenMe. Швидко, акуратно та без зайвих пошкоджень.",,yes,Покривається районною сторінкою.
UA,ремонт замків Голосіївський район,districts,локальний,середній,/raiony/holosiivskyi-raion/,Ремонт замків голосіївський район,Ремонт замків голосіївський район - OpenMe,"Ремонт замків голосіївський район у Києві від OpenMe. Швидко, акуратно та без зайвих пошкоджень.",,yes,Покривається районною сторінкою.
UA,заміна замків Голосіївський район,districts,локальний,середній,/raiony/holosiivskyi-raion/,Заміна замків голосіївський район,Заміна замків голосіївський район - OpenMe,"Заміна замків голосіївський район у Києві від OpenMe. Швидко, акуратно та без зайвих пошкоджень.",,yes,Покривається районною сторінкою.
UA,майстер по замках Голосіївський район,districts,локальний,середній,/raiony/holosiivskyi-raion/,Майстер по замках голосіївський район,Майстер по замках голосіївський район - OpenMe,"Майстер по замках голосіївський район у Києві від OpenMe. Швидко, акуратно та без зайвих пошкоджень.",,yes,Покривається районною сторінкою.
UA,відкрити замок Дарницький район,districts,локальний,середній,/raiony/darnytskyi-raion/,Відкрити замок дарницький район,Відкрити замок дарницький район - OpenMe,"Відкрити замок дарницький район у Києві від OpenMe. Швидко, акуратно та без зайвих пошкоджень.",,yes,Покривається районною сторінкою.
UA,відкриття дверей Дарницький район,districts,локальний,середній,/raiony/darnytskyi-raion/,Відкриття дверей дарницький район,Відкриття дверей дарницький район - OpenMe,"Відкриття дверей дарницький район у Києві від OpenMe. Швидко, акуратно та без зайвих пошкоджень.",,yes,Покривається районною сторінкою.
UA,аварійне відкриття дверей Дарницький район,districts,локальний,середній,/raiony/darnytskyi-raion/,Аварійне відкриття дверей дарницький район,Аварійне відкриття дверей дарницький район - OpenMe,"Аварійне відкриття дверей дарницький район у Києві від OpenMe. Швидко, акуратно та без зайвих пошкоджень.",,yes,Покривається районною сторінкою.
UA,відкриття авто Дарницький район,districts,локальний,середній,/raiony/darnytskyi-raion/,Відкриття авто дарницький район,Відкриття авто дарницький район - OpenMe,"Відкриття авто дарницький район у Києві від OpenMe. Швидко, акуратно та без зайвих пошкоджень.",,yes,Покривається районною сторінкою.
UA,ремонт замків Дарницький район,districts,локальний,середній,/raiony/darnytskyi-raion/,Ремонт замків дарницький район,Ремонт замків дарницький район - OpenMe,"Ремонт замків дарницький район у Києві від OpenMe. Швидко, акуратно та без зайвих пошкоджень.",,yes,Покривається районною сторінкою.
UA,заміна замків Дарницький район,districts,локальний,середній,/raiony/darnytskyi-raion/,Заміна замків дарницький район,Заміна замків дарницький район - OpenMe,"Заміна замків дарницький район у Києві від OpenMe. Швидко, акуратно та без зайвих пошкоджень.",,yes,Покривається районною сторінкою.
UA,майстер по замках Дарницький район,districts,локальний,середній,/raiony/darnytskyi-raion/,Майстер по замках дарницький район,Майстер по замках дарницький район - OpenMe,"Майстер по замках дарницький район у Києві від OpenMe. Швидко, акуратно та без зайвих пошкоджень.",,yes,Покривається районною сторінкою.
UA,відкрити замок Деснянський район,districts,локальний,середній,/raiony/desnianskyi-raion/,Відкрити замок деснянський район,Відкрити замок деснянський район - OpenMe,"Відкрити замок деснянський район у Києві від OpenMe. Швидко, акуратно та без зайвих пошкоджень.",,yes,Покривається районною сторінкою.
UA,відкриття дверей Деснянський район,districts,локальний,середній,/raiony/desnianskyi-raion/,Відкриття дверей деснянський район,Відкриття дверей деснянський район - OpenMe,"Відкриття дверей деснянський район у Києві від OpenMe. Швидко, акуратно та без зайвих пошкоджень.",,yes,Покривається районною сторінкою.
UA,аварійне відкриття дверей Деснянський район,districts,локальний,середній,/raiony/desnianskyi-raion/,Аварійне відкриття дверей деснянський район,Аварійне відкриття дверей деснянський район - OpenMe,"Аварійне відкриття дверей деснянський район у Києві від OpenMe. Швидко, акуратно та без зайвих пошкоджень.",,yes,Покривається районною сторінкою.
UA,відкриття авто Деснянський район,districts,локальний,середній,/raiony/desnianskyi-raion/,Відкриття авто деснянський район,Відкриття авто деснянський район - OpenMe,"Відкриття авто деснянський район у Києві від OpenMe. Швидко, акуратно та без зайвих пошкоджень.",,yes,Покривається районною сторінкою.
UA,ремонт замків Деснянський район,districts,локальний,середній,/raiony/desnianskyi-raion/,Ремонт замків деснянський район,Ремонт замків деснянський район - OpenMe,"Ремонт замків деснянський район у Києві від OpenMe. Швидко, акуратно та без зайвих пошкоджень.",,yes,Покривається районною сторінкою.
UA,заміна замків Деснянський район,districts,локальний,середній,/raiony/desnianskyi-raion/,Заміна замків деснянський район,Заміна замків деснянський район - OpenMe,"Заміна замків деснянський район у Києві від OpenMe. Швидко, акуратно та без зайвих пошкоджень.",,yes,Покривається районною сторінкою.
UA,майстер по замках Деснянський район,districts,локальний,середній,/raiony/desnianskyi-raion/,Майстер по замках деснянський район,Майстер по замках деснянський район - OpenMe,"Майстер по замках деснянський район у Києві від OpenMe. Швидко, акуратно та без зайвих пошкоджень.",,yes,Покривається районною сторінкою.
UA,відкрити замок Подільський район,districts,локальний,середній,/raiony/podilskyi-raion/,Відкрити замок подільський район,Відкрити замок подільський район - OpenMe,"Відкрити замок подільський район у Києві від OpenMe. Швидко, акуратно та без зайвих пошкоджень.",,yes,Покривається районною сторінкою.
UA,відкриття дверей Подільський район,districts,локальний,середній,/raiony/podilskyi-raion/,Відкриття дверей подільський район,Відкриття дверей подільський район - OpenMe,"Відкриття дверей подільський район у Києві від OpenMe. Швидко, акуратно та без зайвих пошкоджень.",,yes,Покривається районною сторінкою.
UA,аварійне відкриття дверей Подільський район,districts,локальний,середній,/raiony/podilskyi-raion/,Аварійне відкриття дверей подільський район,Аварійне відкриття дверей подільський район - OpenMe,"Аварійне відкриття дверей подільський район у Києві від OpenMe. Швидко, акуратно та без зайвих пошкоджень.",,yes,Покривається районною сторінкою.
UA,відкриття авто Подільський район,districts,локальний,середній,/raiony/podilskyi-raion/,Відкриття авто подільський район,Відкриття авто подільський район - OpenMe,"Відкриття авто подільський район у Києві від OpenMe. Швидко, акуратно та без зайвих пошкоджень.",,yes,Покривається районною сторінкою.
UA,ремонт замків Подільський район,districts,локальний,середній,/raiony/podilskyi-raion/,Ремонт замків подільський район,Ремонт замків подільський район - OpenMe,"Ремонт замків подільський район у Києві від OpenMe. Швидко, акуратно та без зайвих пошкоджень.",,yes,Покривається районною сторінкою.
UA,заміна замків Подільський район,districts,локальний,середній,/raiony/podilskyi-raion/,Заміна замків подільський район,Заміна замків подільський район - OpenMe,"Заміна замків подільський район у Києві від OpenMe. Швидко, акуратно та без зайвих пошкоджень.",,yes,Покривається районною сторінкою.
UA,майстер по замках Подільський район,districts,локальний,середній,/raiony/podilskyi-raion/,Майстер по замках подільський район,Майстер по замках подільський район - OpenMe,"Майстер по замках подільський район у Києві від OpenMe. Швидко, акуратно та без зайвих пошкоджень.",,yes,Покривається районною сторінкою.
UA,відкрити замок Святошинський район,districts,локальний,середній,/raiony/sviatoshynskyi-raion/,Відкрити замок святошинський район,Відкрити замок святошинський район - OpenMe,"Відкрити замок святошинський район у Києві від OpenMe. Швидко, акуратно та без зайвих пошкоджень.",,yes,Покривається районною сторінкою.
UA,відкриття дверей Святошинський район,districts,локальний,середній,/raiony/sviatoshynskyi-raion/,Відкриття дверей святошинський район,Відкриття дверей святошинський район - OpenMe,"Відкриття дверей святошинський район у Києві від OpenMe. Швидко, акуратно та без зайвих пошкоджень.",,yes,Покривається районною сторінкою.
UA,аварійне відкриття дверей Святошинський район,districts,локальний,середній,/raiony/sviatoshynskyi-raion/,Аварійне відкриття дверей святошинський район,Аварійне відкриття дверей святошинський район - OpenMe,"Аварійне відкриття дверей святошинський район у Києві від OpenMe. Швидко, акуратно та без зайвих пошкоджень.",,yes,Покривається районною сторінкою.
UA,відкриття авто Святошинський район,districts,локальний,середній,/raiony/sviatoshynskyi-raion/,Відкриття авто святошинський район,Відкриття авто святошинський район - OpenMe,"Відкриття авто святошинський район у Києві від OpenMe. Швидко, акуратно та без зайвих пошкоджень.",,yes,Покривається районною сторінкою.
UA,ремонт замків Святошинський район,districts,локальний,середній,/raiony/sviatoshynskyi-raion/,Ремонт замків святошинський район,Ремонт замків святошинський район - OpenMe,"Ремонт замків святошинський район у Києві від OpenMe. Швидко, акуратно та без зайвих пошкоджень.",,yes,Покривається районною сторінкою.
UA,заміна замків Святошинський район,districts,локальний,середній,/raiony/sviatoshynskyi-raion/,Заміна замків святошинський район,Заміна замків святошинський район - OpenMe,"Заміна замків святошинський район у Києві від OpenMe. Швидко, акуратно та без зайвих пошкоджень.",,yes,Покривається районною сторінкою.
UA,майстер по замках Святошинський район,districts,локальний,середній,/raiony/sviatoshynskyi-raion/,Майстер по замках святошинський район,Майстер по замках святошинський район - OpenMe,"Майстер по замках святошинський район у Києві від OpenMe. Швидко, акуратно та без зайвих пошкоджень.",,yes,Покривається районною сторінкою.
UA,відкрити замок Дніпровський район,districts,локальний,середній,/raiony/dniprovskyi-raion/,Відкрити замок дніпровський район,Відкрити замок дніпровський район - OpenMe,"Відкрити замок дніпровський район у Києві від OpenMe. Швидко, акуратно та без зайвих пошкоджень.",,yes,Покривається районною сторінкою.
UA,відкриття дверей Дніпровський район,districts,локальний,середній,/raiony/dniprovskyi-raion/,Відкриття дверей дніпровський район,Відкриття дверей дніпровський район - OpenMe,"Відкриття дверей дніпровський район у Києві від OpenMe. Швидко, акуратно та без зайвих пошкоджень.",,yes,Покривається районною сторінкою.
UA,аварійне відкриття дверей Дніпровський район,districts,локальний,середній,/raiony/dniprovskyi-raion/,Аварійне відкриття дверей дніпровський район,Аварійне відкриття дверей дніпровський район - OpenMe,"Аварійне відкриття дверей дніпровський район у Києві від OpenMe. Швидко, акуратно та без зайвих пошкоджень.",,yes,Покривається районною сторінкою.
UA,відкриття авто Дніпровський район,districts,локальний,середній,/raiony/dniprovskyi-raion/,Відкриття авто дніпровський район,Відкриття авто дніпровський район - OpenMe,"Відкриття авто дніпровський район у Києві від OpenMe. Швидко, акуратно та без зайвих пошкоджень.",,yes,Покривається районною сторінкою.
UA,ремонт замків Дніпровський район,districts,локальний,середній,/raiony/dniprovskyi-raion/,Ремонт замків дніпровський район,Ремонт замків дніпровський район - OpenMe,"Ремонт замків дніпровський район у Києві від OpenMe. Швидко, акуратно та без зайвих пошкоджень.",,yes,Покривається районною сторінкою.
UA,заміна замків Дніпровський район,districts,локальний,середній,/raiony/dniprovskyi-raion/,Заміна замків дніпровський район,Заміна замків дніпровський район - OpenMe,"Заміна замків дніпровський район у Києві від OpenMe. Швидко, акуратно та без зайвих пошкоджень.",,yes,Покривається районною сторінкою.
UA,майстер по замках Дніпровський район,districts,локальний,середній,/raiony/dniprovskyi-raion/,Майстер по замках дніпровський район,Майстер по замках дніпровський район - OpenMe,"Майстер по замках дніпровський район у Києві від OpenMe. Швидко, акуратно та без зайвих пошкоджень.",,yes,Покривається районною сторінкою.
UA,що робити якщо замок заклинив,faq,інформаційний,середній,/,Що робити якщо замок заклинив,Що робити якщо замок заклинив - OpenMe,"Що робити якщо замок заклинив у Києві від OpenMe. Швидко, акуратно та без зайвих пошкоджень.",,yes,Покривається загальною інформацією на головній або сервісних сторінках.
UA,як викликати майстра по замках,faq,інформаційний,середній,/,Як викликати майстра по замках,Як викликати майстра по замках - OpenMe,"Як викликати майстра по замках у Києві від OpenMe. Швидко, акуратно та без зайвих пошкоджень.",,yes,Покривається загальною інформацією на головній або сервісних сторінках.
UA,скільки коштує відкриття замка,faq,інформаційний,середній,/,Скільки коштує відкриття замка,Скільки коштує відкриття замка - OpenMe,"Скільки коштує відкриття замка у Києві від OpenMe. Швидко, акуратно та без зайвих пошкоджень.",,yes,Покривається загальною інформацією на головній або сервісних сторінках.
UA,як довго приїжджає майстер,faq,інформаційний,середній,/,Як довго приїжджає майстер,Як довго приїжджає майстер - OpenMe,"Як довго приїжджає майстер у Києві від OpenMe. Швидко, акуратно та без зайвих пошкоджень.",,yes,Покривається загальною інформацією на головній або сервісних сторінках.
UA,як відкрити квартиру якщо ключі всередині,faq,інформаційний,середній,/,Як відкрити квартиру якщо ключі всередині,Як відкрити квартиру якщо ключі всередині - OpenMe,"Як відкрити квартиру якщо ключі всередині у Києві від OpenMe. Швидко, акуратно та без зайвих пошкоджень.",,yes,Покривається загальною інформацією на головній або сервісних сторінках.
RU,аварийное вскрытие замков Киев,main,коммерческий,высокий,/ru/,Аварийное вскрытие замков киев,Аварийное вскрытие замков киев - OpenMe,"Аварийное вскрытие замков киев в Киеве от OpenMe. Быстро, аккуратно и без лишних повреждений.",,yes,Покрывается главной страницей и сервисными ссылками.
RU,открыть замок Киев,main,коммерческий,высокий,/ru/,Открыть замок киев,Открыть замок киев - OpenMe,"Открыть замок киев в Киеве от OpenMe. Быстро, аккуратно и без лишних повреждений.",,yes,Покрывается главной страницей и сервисными ссылками.
RU,вскрытие замков Киев,main,коммерческий,высокий,/ru/,Вскрытие замков киев,Вскрытие замков киев - OpenMe,"Вскрытие замков киев в Киеве от OpenMe. Быстро, аккуратно и без лишних повреждений.",,yes,Покрывается главной страницей и сервисными ссылками.
RU,мастер по замкам Киев,main,коммерческий,высокий,/ru/,Мастер по замкам киев,Мастер по замкам киев - OpenMe,"Мастер по замкам киев в Киеве от OpenMe. Быстро, аккуратно и без лишних повреждений.",,yes,Покрывается главной страницей и сервисными ссылками.
RU,замочный мастер Киев,main,коммерческий,высокий,/ru/,Замочный мастер киев,Замочный мастер киев - OpenMe,"Замочный мастер киев в Киеве от OpenMe. Быстро, аккуратно и без лишних повреждений.",,yes,Покрывается главной страницей и сервисными ссылками.
RU,аварийная служба вскрытия замков Киев,main,коммерческий,высокий,/ru/,Аварийная служба вскрытия замков киев,Аварийная служба вскрытия замков киев - OpenMe,"Аварийная служба вскрытия замков киев в Киеве от OpenMe. Быстро, аккуратно и без лишних повреждений.",,yes,Покрывается главной страницей и сервисными ссылками.
RU,вскрытие замков 24/7 Киев,main,коммерческий,высокий,/ru/,Вскрытие замков 24/7 киев,Вскрытие замков 24/7 киев - OpenMe,"Вскрытие замков 24/7 киев в Киеве от OpenMe. Быстро, аккуратно и без лишних повреждений.",,yes,Покрывается главной страницей и сервисными ссылками.
RU,открыть замок без повреждений Киев,main,коммерческий,высокий,/ru/,Открыть замок без повреждений киев,Открыть замок без повреждений киев - OpenMe,"Открыть замок без повреждений киев в Киеве от OpenMe. Быстро, аккуратно и без лишних повреждений.",,yes,Покрывается главной страницей и сервисными ссылками.
RU,открыть дверь Киев,doors,коммерческий,высокий,/ru/avarijnoe-vskrytie-dverej/,Открыть дверь киев,Открыть дверь киев - OpenMe,"Открыть дверь киев в Киеве от OpenMe. Быстро, аккуратно и без лишних повреждений.",,yes,Покрывается страницей аварийного вскрытия дверей.
RU,аварийное вскрытие дверей Киев,doors,коммерческий,высокий,/ru/avarijnoe-vskrytie-dverej/,Аварийное вскрытие дверей киев,Аварийное вскрытие дверей киев - OpenMe,"Аварийное вскрытие дверей киев в Киеве от OpenMe. Быстро, аккуратно и без лишних повреждений.",,yes,Покрывается страницей аварийного вскрытия дверей.
RU,вскрытие дверей Киев,doors,коммерческий,высокий,/ru/avarijnoe-vskrytie-dverej/,Вскрытие дверей киев,Вскрытие дверей киев - OpenMe,"Вскрытие дверей киев в Киеве от OpenMe. Быстро, аккуратно и без лишних повреждений.",,yes,Покрывается страницей аварийного вскрытия дверей.
RU,вскрытие квартиры Киев,doors,коммерческий,высокий,/ru/avarijnoe-vskrytie-dverej/,Вскрытие квартиры киев,Вскрытие квартиры киев - OpenMe,"Вскрытие квартиры киев в Киеве от OpenMe. Быстро, аккуратно и без лишних повреждений.",,yes,Покрывается страницей аварийного вскрытия дверей.
RU,открыть квартиру Киев,doors,коммерческий,высокий,/ru/avarijnoe-vskrytie-dverej/,Открыть квартиру киев,Открыть квартиру киев - OpenMe,"Открыть квартиру киев в Киеве от OpenMe. Быстро, аккуратно и без лишних повреждений.",,yes,Покрывается страницей аварийного вскрытия дверей.
RU,заклинил замок в двери,doors,информационный,средний,/ru/avarijnoe-vskrytie-dverej/,Заклинил замок в двери,Заклинил замок в двери - OpenMe,"Заклинил замок в двери в Киеве от OpenMe. Быстро, аккуратно и без лишних повреждений.",,yes,Покрывается страницей аварийного вскрытия дверей.
RU,сломался ключ в замке,doors,информационный,средний,/ru/avarijnoe-vskrytie-dverej/,Сломался ключ в замке,Сломался ключ в замке - OpenMe,"Сломался ключ в замке в Киеве от OpenMe. Быстро, аккуратно и без лишних повреждений.",,yes,Покрывается страницей аварийного вскрытия дверей.
RU,ключ остался в квартире,doors,информационный,средний,/ru/avarijnoe-vskrytie-dverej/,Ключ остался в квартире,Ключ остался в квартире - OpenMe,"Ключ остался в квартире в Киеве от OpenMe. Быстро, аккуратно и без лишних повреждений.",,yes,Покрывается страницей аварийного вскрытия дверей.
RU,захлопнулась дверь что делать,doors,информационный,средний,/ru/avarijnoe-vskrytie-dverej/,Захлопнулась дверь что делать,Захлопнулась дверь что делать - OpenMe,"Захлопнулась дверь что делать в Киеве от OpenMe. Быстро, аккуратно и без лишних повреждений.",,yes,Покрывается страницей аварийного вскрытия дверей.
RU,вскрытие авто Киев,car,коммерческий,высокий,/ru/avarijnoe-vskrytie-avto/,Вскрытие авто киев,Вскрытие авто киев - OpenMe,"Вскрытие авто киев в Киеве от OpenMe. Быстро, аккуратно и без лишних повреждений.",,yes,Покрывается страницей вскрытия авто.
RU,аварийное вскрытие авто Киев,car,коммерческий,высокий,/ru/avarijnoe-vskrytie-avto/,Аварийное вскрытие авто киев,Аварийное вскрытие авто киев - OpenMe,"Аварийное вскрытие авто киев в Киеве от OpenMe. Быстро, аккуратно и без лишних повреждений.",,yes,Покрывается страницей вскрытия авто.
RU,открыть машину Киев,car,коммерческий,высокий,/ru/avarijnoe-vskrytie-avto/,Открыть машину киев,Открыть машину киев - OpenMe,"Открыть машину киев в Киеве от OpenMe. Быстро, аккуратно и без лишних повреждений.",,yes,Покрывается страницей вскрытия авто.
RU,открыть авто без повреждений,car,коммерческий,высокий,/ru/avarijnoe-vskrytie-avto/,Открыть авто без повреждений,Открыть авто без повреждений - OpenMe,"Открыть авто без повреждений в Киеве от OpenMe. Быстро, аккуратно и без лишних повреждений.",,yes,Покрывается страницей вскрытия авто.
RU,ключи остались в машине,car,информационный,средний,/ru/avarijnoe-vskrytie-avto/,Ключи остались в машине,Ключи остались в машине - OpenMe,"Ключи остались в машине в Киеве от OpenMe. Быстро, аккуратно и без лишних повреждений.",,yes,Покрывается страницей вскрытия авто.
RU,машина закрылась ключи внутри,car,информационный,средний,/ru/avarijnoe-vskrytie-avto/,Машина закрылась ключи внутри,Машина закрылась ключи внутри - OpenMe,"Машина закрылась ключи внутри в Киеве от OpenMe. Быстро, аккуратно и без лишних повреждений.",,yes,Покрывается страницей вскрытия авто.
RU,не открывается авто Киев,car,информационный,средний,/ru/avarijnoe-vskrytie-avto/,Не открывается авто киев,Не открывается авто киев - OpenMe,"Не открывается авто киев в Киеве от OpenMe. Быстро, аккуратно и без лишних повреждений.",,yes,Покрывается страницей вскрытия авто.
RU,открыть багажник Киев,car,коммерческий,высокий,/ru/avarijnoe-vskrytie-avto/,Открыть багажник киев,Открыть багажник киев - OpenMe,"Открыть багажник киев в Киеве от OpenMe. Быстро, аккуратно и без лишних повреждений.",,yes,Покрывается страницей вскрытия авто.
RU,открыть сейф Киев,safe,коммерческий,высокий,/ru/vskrytie-sejfov/,Открыть сейф киев,Открыть сейф киев - OpenMe,"Открыть сейф киев в Киеве от OpenMe. Быстро, аккуратно и без лишних повреждений.",,yes,Покрывается страницей вскрытия сейфов.
RU,вскрытие сейфов Киев,safe,коммерческий,высокий,/ru/vskrytie-sejfov/,Вскрытие сейфов киев,Вскрытие сейфов киев - OpenMe,"Вскрытие сейфов киев в Киеве от OpenMe. Быстро, аккуратно и без лишних повреждений.",,yes,Покрывается страницей вскрытия сейфов.
RU,аварийное вскрытие сейфа,safe,коммерческий,высокий,/ru/vskrytie-sejfov/,Аварийное вскрытие сейфа,Аварийное вскрытие сейфа - OpenMe,"Аварийное вскрытие сейфа в Киеве от OpenMe. Быстро, аккуратно и без лишних повреждений.",,yes,Покрывается страницей вскрытия сейфов.
RU,забыл код от сейфа,safe,информационный,средний,/ru/vskrytie-sejfov/,Забыл код от сейфа,Забыл код от сейфа - OpenMe,"Забыл код от сейфа в Киеве от OpenMe. Быстро, аккуратно и без лишних повреждений.",,yes,Покрывается страницей вскрытия сейфов.
RU,сейф не открывается,safe,информационный,средний,/ru/vskrytie-sejfov/,Сейф не открывается,Сейф не открывается - OpenMe,"Сейф не открывается в Киеве от OpenMe. Быстро, аккуратно и без лишних повреждений.",,yes,Покрывается страницей вскрытия сейфов.
RU,потерял ключ от сейфа,safe,информационный,средний,/ru/vskrytie-sejfov/,Потерял ключ от сейфа,Потерял ключ от сейфа - OpenMe,"Потерял ключ от сейфа в Киеве от OpenMe. Быстро, аккуратно и без лишних повреждений.",,yes,Покрывается страницей вскрытия сейфов.
RU,открыть гараж Киев,garage,коммерческий,высокий,/ru/vskrytie-garazhej/,Открыть гараж киев,Открыть гараж киев - OpenMe,"Открыть гараж киев в Киеве от OpenMe. Быстро, аккуратно и без лишних повреждений.",,yes,Покрывается страницей вскрытия гаражей.
RU,вскрытие гаража Киев,garage,коммерческий,высокий,/ru/vskrytie-garazhej/,Вскрытие гаража киев,Вскрытие гаража киев - OpenMe,"Вскрытие гаража киев в Киеве от OpenMe. Быстро, аккуратно и без лишних повреждений.",,yes,Покрывается страницей вскрытия гаражей.
RU,заклинил гаражный замок,garage,коммерческий,высокий,/ru/vskrytie-garazhej/,Заклинил гаражный замок,Заклинил гаражный замок - OpenMe,"Заклинил гаражный замок в Киеве от OpenMe. Быстро, аккуратно и без лишних повреждений.",,yes,Покрывается страницей вскрытия гаражей.
RU,открыть навесной замок Киев,garage,коммерческий,высокий,/ru/vskrytie-garazhej/,Открыть навесной замок киев,Открыть навесной замок киев - OpenMe,"Открыть навесной замок киев в Киеве от OpenMe. Быстро, аккуратно и без лишних повреждений.",,yes,Покрывается страницей вскрытия гаражей.
RU,мастер по гаражным замкам,garage,коммерческий,средний,/ru/vskrytie-garazhej/,Мастер по гаражным замкам,Мастер по гаражным замкам - OpenMe,"Мастер по гаражным замкам в Киеве от OpenMe. Быстро, аккуратно и без лишних повреждений.",,yes,Покрывается страницей вскрытия гаражей.
RU,ремонт замков Киев,repair,коммерческий,высокий,/ru/remont-zamena-zamkov/,Ремонт замков киев,Ремонт замков киев - OpenMe,"Ремонт замков киев в Киеве от OpenMe. Быстро, аккуратно и без лишних повреждений.",,yes,Покрывается страницей ремонта и замены замков.
RU,замена замков Киев,repair,коммерческий,высокий,/ru/remont-zamena-zamkov/,Замена замков киев,Замена замков киев - OpenMe,"Замена замков киев в Киеве от OpenMe. Быстро, аккуратно и без лишних повреждений.",,yes,Покрывается страницей ремонта и замены замков.
RU,замена личинки замка Киев,repair,коммерческий,высокий,/ru/remont-zamena-zamkov/,Замена личинки замка киев,Замена личинки замка киев - OpenMe,"Замена личинки замка киев в Киеве от OpenMe. Быстро, аккуратно и без лишних повреждений.",,yes,Покрывается страницей ремонта и замены замков.
RU,ремонт дверного замка,repair,коммерческий,высокий,/ru/remont-zamena-zamkov/,Ремонт дверного замка,Ремонт дверного замка - OpenMe,"Ремонт дверного замка в Киеве от OpenMe. Быстро, аккуратно и без лишних повреждений.",,yes,Покрывается страницей ремонта и замены замков.
RU,замена замка после потери ключей,repair,коммерческий,высокий,/ru/remont-zamena-zamkov/,Замена замка после потери ключей,Замена замка после потери ключей - OpenMe,"Замена замка после потери ключей в Киеве от OpenMe. Быстро, аккуратно и без лишних повреждений.",,yes,Покрывается страницей ремонта и замены замков.
RU,замена замка после взлома,repair,коммерческий,высокий,/ru/remont-zamena-zamkov/,Замена замка после взлома,Замена замка после взлома - OpenMe,"Замена замка после взлома в Киеве от OpenMe. Быстро, аккуратно и без лишних повреждений.",,yes,Покрывается страницей ремонта и замены замков.
RU,заклинил замок что делать,repair,информационный,средний,/ru/remont-zamena-zamkov/,Заклинил замок что делать,Заклинил замок что делать - OpenMe,"Заклинил замок что делать в Киеве от OpenMe. Быстро, аккуратно и без лишних повреждений.",,yes,Покрывается страницей ремонта и замены замков.
RU,мастер по ремонту замков Киев,repair,коммерческий,высокий,/ru/remont-zamena-zamkov/,Мастер по ремонту замков киев,Мастер по ремонту замков киев - OpenMe,"Мастер по ремонту замков киев в Киеве от OpenMe. Быстро, аккуратно и без лишних повреждений.",,yes,Покрывается страницей ремонта и замены замков.
RU,открыть замок Оболонь,districts,локальный,средний,/ru/raiony/obolon/,Открыть замок оболонь,Открыть замок оболонь - OpenMe,"Открыть замок оболонь в Киеве от OpenMe. Быстро, аккуратно и без лишних повреждений.",,yes,Покрывается районной страницей.
RU,вскрытие дверей Оболонь,districts,локальный,средний,/ru/raiony/obolon/,Вскрытие дверей оболонь,Вскрытие дверей оболонь - OpenMe,"Вскрытие дверей оболонь в Киеве от OpenMe. Быстро, аккуратно и без лишних повреждений.",,yes,Покрывается районной страницей.
RU,аварийное вскрытие дверей Оболонь,districts,локальный,средний,/ru/raiony/obolon/,Аварийное вскрытие дверей оболонь,Аварийное вскрытие дверей оболонь - OpenMe,"Аварийное вскрытие дверей оболонь в Киеве от OpenMe. Быстро, аккуратно и без лишних повреждений.",,yes,Покрывается районной страницей.
RU,вскрытие авто Оболонь,districts,локальный,средний,/ru/raiony/obolon/,Вскрытие авто оболонь,Вскрытие авто оболонь - OpenMe,"Вскрытие авто оболонь в Киеве от OpenMe. Быстро, аккуратно и без лишних повреждений.",,yes,Покрывается районной страницей.
RU,ремонт замков Оболонь,districts,локальный,средний,/ru/raiony/obolon/,Ремонт замков оболонь,Ремонт замков оболонь - OpenMe,"Ремонт замков оболонь в Киеве от OpenMe. Быстро, аккуратно и без лишних повреждений.",,yes,Покрывается районной страницей.
RU,замена замков Оболонь,districts,локальный,средний,/ru/raiony/obolon/,Замена замков оболонь,Замена замков оболонь - OpenMe,"Замена замков оболонь в Киеве от OpenMe. Быстро, аккуратно и без лишних повреждений.",,yes,Покрывается районной страницей.
RU,мастер по замкам Оболонь,districts,локальный,средний,/ru/raiony/obolon/,Мастер по замкам оболонь,Мастер по замкам оболонь - OpenMe,"Мастер по замкам оболонь в Киеве от OpenMe. Быстро, аккуратно и без лишних повреждений.",,yes,Покрывается районной страницей.
RU,открыть замок Позняки,districts,локальный,средний,/ru/raiony/poznyaki/,Открыть замок позняки,Открыть замок позняки - OpenMe,"Открыть замок позняки в Киеве от OpenMe. Быстро, аккуратно и без лишних повреждений.",,yes,Покрывается районной страницей.
RU,вскрытие дверей Позняки,districts,локальный,средний,/ru/raiony/poznyaki/,Вскрытие дверей позняки,Вскрытие дверей позняки - OpenMe,"Вскрытие дверей позняки в Киеве от OpenMe. Быстро, аккуратно и без лишних повреждений.",,yes,Покрывается районной страницей.
RU,аварийное вскрытие дверей Позняки,districts,локальный,средний,/ru/raiony/poznyaki/,Аварийное вскрытие дверей позняки,Аварийное вскрытие дверей позняки - OpenMe,"Аварийное вскрытие дверей позняки в Киеве от OpenMe. Быстро, аккуратно и без лишних повреждений.",,yes,Покрывается районной страницей.
RU,вскрытие авто Позняки,districts,локальный,средний,/ru/raiony/poznyaki/,Вскрытие авто позняки,Вскрытие авто позняки - OpenMe,"Вскрытие авто позняки в Киеве от OpenMe. Быстро, аккуратно и без лишних повреждений.",,yes,Покрывается районной страницей.
RU,ремонт замков Позняки,districts,локальный,средний,/ru/raiony/poznyaki/,Ремонт замков позняки,Ремонт замков позняки - OpenMe,"Ремонт замков позняки в Киеве от OpenMe. Быстро, аккуратно и без лишних повреждений.",,yes,Покрывается районной страницей.
RU,замена замков Позняки,districts,локальный,средний,/ru/raiony/poznyaki/,Замена замков позняки,Замена замков позняки - OpenMe,"Замена замков позняки в Киеве от OpenMe. Быстро, аккуратно и без лишних повреждений.",,yes,Покрывается районной страницей.
RU,мастер по замкам Позняки,districts,локальный,средний,/ru/raiony/poznyaki/,Мастер по замкам позняки,Мастер по замкам позняки - OpenMe,"Мастер по замкам позняки в Киеве от OpenMe. Быстро, аккуратно и без лишних повреждений.",,yes,Покрывается районной страницей.
RU,открыть замок Печерск,districts,локальный,средний,/ru/raiony/pechersk/,Открыть замок печерск,Открыть замок печерск - OpenMe,"Открыть замок печерск в Киеве от OpenMe. Быстро, аккуратно и без лишних повреждений.",,yes,Покрывается районной страницей.
RU,вскрытие дверей Печерск,districts,локальный,средний,/ru/raiony/pechersk/,Вскрытие дверей печерск,Вскрытие дверей печерск - OpenMe,"Вскрытие дверей печерск в Киеве от OpenMe. Быстро, аккуратно и без лишних повреждений.",,yes,Покрывается районной страницей.
RU,аварийное вскрытие дверей Печерск,districts,локальный,средний,/ru/raiony/pechersk/,Аварийное вскрытие дверей печерск,Аварийное вскрытие дверей печерск - OpenMe,"Аварийное вскрытие дверей печерск в Киеве от OpenMe. Быстро, аккуратно и без лишних повреждений.",,yes,Покрывается районной страницей.
RU,вскрытие авто Печерск,districts,локальный,средний,/ru/raiony/pechersk/,Вскрытие авто печерск,Вскрытие авто печерск - OpenMe,"Вскрытие авто печерск в Киеве от OpenMe. Быстро, аккуратно и без лишних повреждений.",,yes,Покрывается районной страницей.
RU,ремонт замков Печерск,districts,локальный,средний,/ru/raiony/pechersk/,Ремонт замков печерск,Ремонт замков печерск - OpenMe,"Ремонт замков печерск в Киеве от OpenMe. Быстро, аккуратно и без лишних повреждений.",,yes,Покрывается районной страницей.
RU,замена замков Печерск,districts,локальный,средний,/ru/raiony/pechersk/,Замена замков печерск,Замена замков печерск - OpenMe,"Замена замков печерск в Киеве от OpenMe. Быстро, аккуратно и без лишних повреждений.",,yes,Покрывается районной страницей.
RU,мастер по замкам Печерск,districts,локальный,средний,/ru/raiony/pechersk/,Мастер по замкам печерск,Мастер по замкам печерск - OpenMe,"Мастер по замкам печерск в Киеве от OpenMe. Быстро, аккуратно и без лишних повреждений.",,yes,Покрывается районной страницей.
RU,открыть замок Троещина,districts,локальный,средний,/ru/raiony/troeshchina/,Открыть замок троещина,Открыть замок троещина - OpenMe,"Открыть замок троещина в Киеве от OpenMe. Быстро, аккуратно и без лишних повреждений.",,yes,Покрывается районной страницей.
RU,вскрытие дверей Троещина,districts,локальный,средний,/ru/raiony/troeshchina/,Вскрытие дверей троещина,Вскрытие дверей троещина - OpenMe,"Вскрытие дверей троещина в Киеве от OpenMe. Быстро, аккуратно и без лишних повреждений.",,yes,Покрывается районной страницей.
RU,аварийное вскрытие дверей Троещина,districts,локальный,средний,/ru/raiony/troeshchina/,Аварийное вскрытие дверей троещина,Аварийное вскрытие дверей троещина - OpenMe,"Аварийное вскрытие дверей троещина в Киеве от OpenMe. Быстро, аккуратно и без лишних повреждений.",,yes,Покрывается районной страницей.
RU,вскрытие авто Троещина,districts,локальный,средний,/ru/raiony/troeshchina/,Вскрытие авто троещина,Вскрытие авто троещина - OpenMe,"Вскрытие авто троещина в Киеве от OpenMe. Быстро, аккуратно и без лишних повреждений.",,yes,Покрывается районной страницей.
RU,ремонт замков Троещина,districts,локальный,средний,/ru/raiony/troeshchina/,Ремонт замков троещина,Ремонт замков троещина - OpenMe,"Ремонт замков троещина в Киеве от OpenMe. Быстро, аккуратно и без лишних повреждений.",,yes,Покрывается районной страницей.
RU,замена замков Троещина,districts,локальный,средний,/ru/raiony/troeshchina/,Замена замков троещина,Замена замков троещина - OpenMe,"Замена замков троещина в Киеве от OpenMe. Быстро, аккуратно и без лишних повреждений.",,yes,Покрывается районной страницей.
RU,мастер по замкам Троещина,districts,локальный,средний,/ru/raiony/troeshchina/,Мастер по замкам троещина,Мастер по замкам троещина - OpenMe,"Мастер по замкам троещина в Киеве от OpenMe. Быстро, аккуратно и без лишних повреждений.",,yes,Покрывается районной страницей.
RU,открыть замок Соломенский район,districts,локальный,средний,/ru/raiony/solomenskiy-raion/,Открыть замок соломенский район,Открыть замок соломенский район - OpenMe,"Открыть замок соломенский район в Киеве от OpenMe. Быстро, аккуратно и без лишних повреждений.",,yes,Покрывается районной страницей.
RU,вскрытие дверей Соломенский район,districts,локальный,средний,/ru/raiony/solomenskiy-raion/,Вскрытие дверей соломенский район,Вскрытие дверей соломенский район - OpenMe,"Вскрытие дверей соломенский район в Киеве от OpenMe. Быстро, аккуратно и без лишних повреждений.",,yes,Покрывается районной страницей.
RU,аварийное вскрытие дверей Соломенский район,districts,локальный,средний,/ru/raiony/solomenskiy-raion/,Аварийное вскрытие дверей соломенский район,Аварийное вскрытие дверей соломенский район - OpenMe,"Аварийное вскрытие дверей соломенский район в Киеве от OpenMe. Быстро, аккуратно и без лишних повреждений.",,yes,Покрывается районной страницей.
RU,вскрытие авто Соломенский район,districts,локальный,средний,/ru/raiony/solomenskiy-raion/,Вскрытие авто соломенский район,Вскрытие авто соломенский район - OpenMe,"Вскрытие авто соломенский район в Киеве от OpenMe. Быстро, аккуратно и без лишних повреждений.",,yes,Покрывается районной страницей.
RU,ремонт замков Соломенский район,districts,локальный,средний,/ru/raiony/solomenskiy-raion/,Ремонт замков соломенский район,Ремонт замков соломенский район - OpenMe,"Ремонт замков соломенский район в Киеве от OpenMe. Быстро, аккуратно и без лишних повреждений.",,yes,Покрывается районной страницей.
RU,замена замков Соломенский район,districts,локальный,средний,/ru/raiony/solomenskiy-raion/,Замена замков соломенский район,Замена замков соломенский район - OpenMe,"Замена замков соломенский район в Киеве от OpenMe. Быстро, аккуратно и без лишних повреждений.",,yes,Покрывается районной страницей.
RU,мастер по замкам Соломенский район,districts,локальный,средний,/ru/raiony/solomenskiy-raion/,Мастер по замкам соломенский район,Мастер по замкам соломенский район - OpenMe,"Мастер по замкам соломенский район в Киеве от OpenMe. Быстро, аккуратно и без лишних повреждений.",,yes,Покрывается районной страницей.
RU,открыть замок Шевченковский район,districts,локальный,средний,/ru/raiony/shevchenkovskiy-raion/,Открыть замок шевченковский район,Открыть замок шевченковский район - OpenMe,"Открыть замок шевченковский район в Киеве от OpenMe. Быстро, аккуратно и без лишних повреждений.",,yes,Покрывается районной страницей.
RU,вскрытие дверей Шевченковский район,districts,локальный,средний,/ru/raiony/shevchenkovskiy-raion/,Вскрытие дверей шевченковский район,Вскрытие дверей шевченковский район - OpenMe,"Вскрытие дверей шевченковский район в Киеве от OpenMe. Быстро, аккуратно и без лишних повреждений.",,yes,Покрывается районной страницей.
RU,аварийное вскрытие дверей Шевченковский район,districts,локальный,средний,/ru/raiony/shevchenkovskiy-raion/,Аварийное вскрытие дверей шевченковский район,Аварийное вскрытие дверей шевченковский район - OpenMe,"Аварийное вскрытие дверей шевченковский район в Киеве от OpenMe. Быстро, аккуратно и без лишних повреждений.",,yes,Покрывается районной страницей.
RU,вскрытие авто Шевченковский район,districts,локальный,средний,/ru/raiony/shevchenkovskiy-raion/,Вскрытие авто шевченковский район,Вскрытие авто шевченковский район - OpenMe,"Вскрытие авто шевченковский район в Киеве от OpenMe. Быстро, аккуратно и без лишних повреждений.",,yes,Покрывается районной страницей.
RU,ремонт замков Шевченковский район,districts,локальный,средний,/ru/raiony/shevchenkovskiy-raion/,Ремонт замков шевченковский район,Ремонт замков шевченковский район - OpenMe,"Ремонт замков шевченковский район в Киеве от OpenMe. Быстро, аккуратно и без лишних повреждений.",,yes,Покрывается районной страницей.
RU,замена замков Шевченковский район,districts,локальный,средний,/ru/raiony/shevchenkovskiy-raion/,Замена замков шевченковский район,Замена замков шевченковский район - OpenMe,"Замена замков шевченковский район в Киеве от OpenMe. Быстро, аккуратно и без лишних повреждений.",,yes,Покрывается районной страницей.
RU,мастер по замкам Шевченковский район,districts,локальный,средний,/ru/raiony/shevchenkovskiy-raion/,Мастер по замкам шевченковский район,Мастер по замкам шевченковский район - OpenMe,"Мастер по замкам шевченковский район в Киеве от OpenMe. Быстро, аккуратно и без лишних повреждений.",,yes,Покрывается районной страницей.
RU,открыть замок Голосеевский район,districts,локальный,средний,/ru/raiony/goloseevskiy-raion/,Открыть замок голосеевский район,Открыть замок голосеевский район - OpenMe,"Открыть замок голосеевский район в Киеве от OpenMe. Быстро, аккуратно и без лишних повреждений.",,yes,Покрывается районной страницей.
RU,вскрытие дверей Голосеевский район,districts,локальный,средний,/ru/raiony/goloseevskiy-raion/,Вскрытие дверей голосеевский район,Вскрытие дверей голосеевский район - OpenMe,"Вскрытие дверей голосеевский район в Киеве от OpenMe. Быстро, аккуратно и без лишних повреждений.",,yes,Покрывается районной страницей.
RU,аварийное вскрытие дверей Голосеевский район,districts,локальный,средний,/ru/raiony/goloseevskiy-raion/,Аварийное вскрытие дверей голосеевский район,Аварийное вскрытие дверей голосеевский район - OpenMe,"Аварийное вскрытие дверей голосеевский район в Киеве от OpenMe. Быстро, аккуратно и без лишних повреждений.",,yes,Покрывается районной страницей.
RU,вскрытие авто Голосеевский район,districts,локальный,средний,/ru/raiony/goloseevskiy-raion/,Вскрытие авто голосеевский район,Вскрытие авто голосеевский район - OpenMe,"Вскрытие авто голосеевский район в Киеве от OpenMe. Быстро, аккуратно и без лишних повреждений.",,yes,Покрывается районной страницей.
RU,ремонт замков Голосеевский район,districts,локальный,средний,/ru/raiony/goloseevskiy-raion/,Ремонт замков голосеевский район,Ремонт замков голосеевский район - OpenMe,"Ремонт замков голосеевский район в Киеве от OpenMe. Быстро, аккуратно и без лишних повреждений.",,yes,Покрывается районной страницей.
RU,замена замков Голосеевский район,districts,локальный,средний,/ru/raiony/goloseevskiy-raion/,Замена замков голосеевский район,Замена замков голосеевский район - OpenMe,"Замена замков голосеевский район в Киеве от OpenMe. Быстро, аккуратно и без лишних повреждений.",,yes,Покрывается районной страницей.
RU,мастер по замкам Голосеевский район,districts,локальный,средний,/ru/raiony/goloseevskiy-raion/,Мастер по замкам голосеевский район,Мастер по замкам голосеевский район - OpenMe,"Мастер по замкам голосеевский район в Киеве от OpenMe. Быстро, аккуратно и без лишних повреждений.",,yes,Покрывается районной страницей.
RU,открыть замок Дарницкий район,districts,локальный,средний,/ru/raiony/darnitskiy-raion/,Открыть замок дарницкий район,Открыть замок дарницкий район - OpenMe,"Открыть замок дарницкий район в Киеве от OpenMe. Быстро, аккуратно и без лишних повреждений.",,yes,Покрывается районной страницей.
RU,вскрытие дверей Дарницкий район,districts,локальный,средний,/ru/raiony/darnitskiy-raion/,Вскрытие дверей дарницкий район,Вскрытие дверей дарницкий район - OpenMe,"Вскрытие дверей дарницкий район в Киеве от OpenMe. Быстро, аккуратно и без лишних повреждений.",,yes,Покрывается районной страницей.
RU,аварийное вскрытие дверей Дарницкий район,districts,локальный,средний,/ru/raiony/darnitskiy-raion/,Аварийное вскрытие дверей дарницкий район,Аварийное вскрытие дверей дарницкий район - OpenMe,"Аварийное вскрытие дверей дарницкий район в Киеве от OpenMe. Быстро, аккуратно и без лишних повреждений.",,yes,Покрывается районной страницей.
RU,вскрытие авто Дарницкий район,districts,локальный,средний,/ru/raiony/darnitskiy-raion/,Вскрытие авто дарницкий район,Вскрытие авто дарницкий район - OpenMe,"Вскрытие авто дарницкий район в Киеве от OpenMe. Быстро, аккуратно и без лишних повреждений.",,yes,Покрывается районной страницей.
RU,ремонт замков Дарницкий район,districts,локальный,средний,/ru/raiony/darnitskiy-raion/,Ремонт замков дарницкий район,Ремонт замков дарницкий район - OpenMe,"Ремонт замков дарницкий район в Киеве от OpenMe. Быстро, аккуратно и без лишних повреждений.",,yes,Покрывается районной страницей.
RU,замена замков Дарницкий район,districts,локальный,средний,/ru/raiony/darnitskiy-raion/,Замена замков дарницкий район,Замена замков дарницкий район - OpenMe,"Замена замков дарницкий район в Киеве от OpenMe. Быстро, аккуратно и без лишних повреждений.",,yes,Покрывается районной страницей.
RU,мастер по замкам Дарницкий район,districts,локальный,средний,/ru/raiony/darnitskiy-raion/,Мастер по замкам дарницкий район,Мастер по замкам дарницкий район - OpenMe,"Мастер по замкам дарницкий район в Киеве от OpenMe. Быстро, аккуратно и без лишних повреждений.",,yes,Покрывается районной страницей.
RU,открыть замок Деснянский район,districts,локальный,средний,/ru/raiony/desnyanskiy-raion/,Открыть замок деснянский район,Открыть замок деснянский район - OpenMe,"Открыть замок деснянский район в Киеве от OpenMe. Быстро, аккуратно и без лишних повреждений.",,yes,Покрывается районной страницей.
RU,вскрытие дверей Деснянский район,districts,локальный,средний,/ru/raiony/desnyanskiy-raion/,Вскрытие дверей деснянский район,Вскрытие дверей деснянский район - OpenMe,"Вскрытие дверей деснянский район в Киеве от OpenMe. Быстро, аккуратно и без лишних повреждений.",,yes,Покрывается районной страницей.
RU,аварийное вскрытие дверей Деснянский район,districts,локальный,средний,/ru/raiony/desnyanskiy-raion/,Аварийное вскрытие дверей деснянский район,Аварийное вскрытие дверей деснянский район - OpenMe,"Аварийное вскрытие дверей деснянский район в Киеве от OpenMe. Быстро, аккуратно и без лишних повреждений.",,yes,Покрывается районной страницей.
RU,вскрытие авто Деснянский район,districts,локальный,средний,/ru/raiony/desnyanskiy-raion/,Вскрытие авто деснянский район,Вскрытие авто деснянский район - OpenMe,"Вскрытие авто деснянский район в Киеве от OpenMe. Быстро, аккуратно и без лишних повреждений.",,yes,Покрывается районной страницей.
RU,ремонт замков Деснянский район,districts,локальный,средний,/ru/raiony/desnyanskiy-raion/,Ремонт замков деснянский район,Ремонт замков деснянский район - OpenMe,"Ремонт замков деснянский район в Киеве от OpenMe. Быстро, аккуратно и без лишних повреждений.",,yes,Покрывается районной страницей.
RU,замена замков Деснянский район,districts,локальный,средний,/ru/raiony/desnyanskiy-raion/,Замена замков деснянский район,Замена замков деснянский район - OpenMe,"Замена замков деснянский район в Киеве от OpenMe. Быстро, аккуратно и без лишних повреждений.",,yes,Покрывается районной страницей.
RU,мастер по замкам Деснянский район,districts,локальный,средний,/ru/raiony/desnyanskiy-raion/,Мастер по замкам деснянский район,Мастер по замкам деснянский район - OpenMe,"Мастер по замкам деснянский район в Киеве от OpenMe. Быстро, аккуратно и без лишних повреждений.",,yes,Покрывается районной страницей.
RU,открыть замок Подольский район,districts,локальный,средний,/ru/raiony/podolskiy-raion/,Открыть замок подольский район,Открыть замок подольский район - OpenMe,"Открыть замок подольский район в Киеве от OpenMe. Быстро, аккуратно и без лишних повреждений.",,yes,Покрывается районной страницей.
RU,вскрытие дверей Подольский район,districts,локальный,средний,/ru/raiony/podolskiy-raion/,Вскрытие дверей подольский район,Вскрытие дверей подольский район - OpenMe,"Вскрытие дверей подольский район в Киеве от OpenMe. Быстро, аккуратно и без лишних повреждений.",,yes,Покрывается районной страницей.
RU,аварийное вскрытие дверей Подольский район,districts,локальный,средний,/ru/raiony/podolskiy-raion/,Аварийное вскрытие дверей подольский район,Аварийное вскрытие дверей подольский район - OpenMe,"Аварийное вскрытие дверей подольский район в Киеве от OpenMe. Быстро, аккуратно и без лишних повреждений.",,yes,Покрывается районной страницей.
RU,вскрытие авто Подольский район,districts,локальный,средний,/ru/raiony/podolskiy-raion/,Вскрытие авто подольский район,Вскрытие авто подольский район - OpenMe,"Вскрытие авто подольский район в Киеве от OpenMe. Быстро, аккуратно и без лишних повреждений.",,yes,Покрывается районной страницей.
RU,ремонт замков Подольский район,districts,локальный,средний,/ru/raiony/podolskiy-raion/,Ремонт замков подольский район,Ремонт замков подольский район - OpenMe,"Ремонт замков подольский район в Киеве от OpenMe. Быстро, аккуратно и без лишних повреждений.",,yes,Покрывается районной страницей.
RU,замена замков Подольский район,districts,локальный,средний,/ru/raiony/podolskiy-raion/,Замена замков подольский район,Замена замков подольский район - OpenMe,"Замена замков подольский район в Киеве от OpenMe. Быстро, аккуратно и без лишних повреждений.",,yes,Покрывается районной страницей.
RU,мастер по замкам Подольский район,districts,локальный,средний,/ru/raiony/podolskiy-raion/,Мастер по замкам подольский район,Мастер по замкам подольский район - OpenMe,"Мастер по замкам подольский район в Киеве от OpenMe. Быстро, аккуратно и без лишних повреждений.",,yes,Покрывается районной страницей.
RU,открыть замок Святошинский район,districts,локальный,средний,/ru/raiony/svyatoshinskiy-raion/,Открыть замок святошинский район,Открыть замок святошинский район - OpenMe,"Открыть замок святошинский район в Киеве от OpenMe. Быстро, аккуратно и без лишних повреждений.",,yes,Покрывается районной страницей.
RU,вскрытие дверей Святошинский район,districts,локальный,средний,/ru/raiony/svyatoshinskiy-raion/,Вскрытие дверей святошинский район,Вскрытие дверей святошинский район - OpenMe,"Вскрытие дверей святошинский район в Киеве от OpenMe. Быстро, аккуратно и без лишних повреждений.",,yes,Покрывается районной страницей.
RU,аварийное вскрытие дверей Святошинский район,districts,локальный,средний,/ru/raiony/svyatoshinskiy-raion/,Аварийное вскрытие дверей святошинский район,Аварийное вскрытие дверей святошинский район - OpenMe,"Аварийное вскрытие дверей святошинский район в Киеве от OpenMe. Быстро, аккуратно и без лишних повреждений.",,yes,Покрывается районной страницей.
RU,вскрытие авто Святошинский район,districts,локальный,средний,/ru/raiony/svyatoshinskiy-raion/,Вскрытие авто святошинский район,Вскрытие авто святошинский район - OpenMe,"Вскрытие авто святошинский район в Киеве от OpenMe. Быстро, аккуратно и без лишних повреждений.",,yes,Покрывается районной страницей.
RU,ремонт замков Святошинский район,districts,локальный,средний,/ru/raiony/svyatoshinskiy-raion/,Ремонт замков святошинский район,Ремонт замков святошинский район - OpenMe,"Ремонт замков святошинский район в Киеве от OpenMe. Быстро, аккуратно и без лишних повреждений.",,yes,Покрывается районной страницей.
RU,замена замков Святошинский район,districts,локальный,средний,/ru/raiony/svyatoshinskiy-raion/,Замена замков святошинский район,Замена замков святошинский район - OpenMe,"Замена замков святошинский район в Киеве от OpenMe. Быстро, аккуратно и без лишних повреждений.",,yes,Покрывается районной страницей.
RU,мастер по замкам Святошинский район,districts,локальный,средний,/ru/raiony/svyatoshinskiy-raion/,Мастер по замкам святошинский район,Мастер по замкам святошинский район - OpenMe,"Мастер по замкам святошинский район в Киеве от OpenMe. Быстро, аккуратно и без лишних повреждений.",,yes,Покрывается районной страницей.
RU,открыть замок Днепровский район,districts,локальный,средний,/ru/raiony/dneprovskiy-raion/,Открыть замок днепровский район,Открыть замок днепровский район - OpenMe,"Открыть замок днепровский район в Киеве от OpenMe. Быстро, аккуратно и без лишних повреждений.",,yes,Покрывается районной страницей.
RU,вскрытие дверей Днепровский район,districts,локальный,средний,/ru/raiony/dneprovskiy-raion/,Вскрытие дверей днепровский район,Вскрытие дверей днепровский район - OpenMe,"Вскрытие дверей днепровский район в Киеве от OpenMe. Быстро, аккуратно и без лишних повреждений.",,yes,Покрывается районной страницей.
RU,аварийное вскрытие дверей Днепровский район,districts,локальный,средний,/ru/raiony/dneprovskiy-raion/,Аварийное вскрытие дверей днепровский район,Аварийное вскрытие дверей днепровский район - OpenMe,"Аварийное вскрытие дверей днепровский район в Киеве от OpenMe. Быстро, аккуратно и без лишних повреждений.",,yes,Покрывается районной страницей.
RU,вскрытие авто Днепровский район,districts,локальный,средний,/ru/raiony/dneprovskiy-raion/,Вскрытие авто днепровский район,Вскрытие авто днепровский район - OpenMe,"Вскрытие авто днепровский район в Киеве от OpenMe. Быстро, аккуратно и без лишних повреждений.",,yes,Покрывается районной страницей.
RU,ремонт замков Днепровский район,districts,локальный,средний,/ru/raiony/dneprovskiy-raion/,Ремонт замков днепровский район,Ремонт замков днепровский район - OpenMe,"Ремонт замков днепровский район в Киеве от OpenMe. Быстро, аккуратно и без лишних повреждений.",,yes,Покрывается районной страницей.
RU,замена замков Днепровский район,districts,локальный,средний,/ru/raiony/dneprovskiy-raion/,Замена замков днепровский район,Замена замков днепровский район - OpenMe,"Замена замков днепровский район в Киеве от OpenMe. Быстро, аккуратно и без лишних повреждений.",,yes,Покрывается районной страницей.
RU,мастер по замкам Днепровский район,districts,локальный,средний,/ru/raiony/dneprovskiy-raion/,Мастер по замкам днепровский район,Мастер по замкам днепровский район - OpenMe,"Мастер по замкам днепровский район в Киеве от OpenMe. Быстро, аккуратно и без лишних повреждений.",,yes,Покрывается районной страницей.
RU,что делать если замок заклинил,faq,информационный,средний,/ru/,Что делать если замок заклинил,Что делать если замок заклинил - OpenMe,"Что делать если замок заклинил в Киеве от OpenMe. Быстро, аккуратно и без лишних повреждений.",,yes,Покрывается общими разделами FAQ и домашней страницей.
RU,как вызвать мастера по замкам,faq,информационный,средний,/ru/,Как вызвать мастера по замкам,Как вызвать мастера по замкам - OpenMe,"Как вызвать мастера по замкам в Киеве от OpenMe. Быстро, аккуратно и без лишних повреждений.",,yes,Покрывается общими разделами FAQ и домашней страницей.
RU,сколько стоит вскрытие замка,faq,информационный,средний,/ru/,Сколько стоит вскрытие замка,Сколько стоит вскрытие замка - OpenMe,"Сколько стоит вскрытие замка в Киеве от OpenMe. Быстро, аккуратно и без лишних повреждений.",,yes,Покрывается общими разделами FAQ и домашней страницей.
RU,как долго едет мастер,faq,информационный,средний,/ru/,Как долго едет мастер,Как долго едет мастер - OpenMe,"Как долго едет мастер в Киеве от OpenMe. Быстро, аккуратно и без лишних повреждений.",,yes,Покрывается общими разделами FAQ и домашней страницей.
RU,как открыть квартиру если ключи внутри,faq,информационный,средний,/ru/,Как открыть квартиру если ключи внутри,Как открыть квартиру если ключи внутри - OpenMe,"Как открыть квартиру если ключи внутри в Киеве от OpenMe. Быстро, аккуратно и без лишних повреждений.",,yes,Покрывается общими разделами FAQ и домашней страницей.
UA,відкрити замок без пошкоджень Київ,doors,інформаційний,середній,/vidkryttia-zamka-bez-poshkodzhen/,Відкрити замок без пошкоджень київ,Відкрити замок без пошкоджень київ - OpenMe,"Відкрити замок без пошкоджень київ у Києві від OpenMe. Швидко, акуратно та без зайвих пошкоджень.",,yes,Рекомендовано створити окрему сторінку для запиту без пошкоджень.
UA,зламався ключ у замку Київ,doors,інформаційний,середній,/zlamavsia-kliuch-u-zamku/,Зламався ключ у замку київ,Зламався ключ у замку київ - OpenMe,"Зламався ключ у замку київ у Києві від OpenMe. Швидко, акуратно та без зайвих пошкоджень.",,no,Рекомендовано створити окрему інформаційну/тимчасову сторінку.
UA,ремонт серцевини замка Київ,repair,комерційний,середній,/zamina-sertsevyny-zamka/,Ремонт серцевини замка київ,Ремонт серцевини замка київ - OpenMe,"Ремонт серцевини замка київ у Києві від OpenMe. Швидко, акуратно та без зайвих пошкоджень.",,yes,Рекомендовано зробити посадкову сторінку на окремий запит.
RU,открытие замка без повреждений Киев,doors,информационный,средний,/ru/vskrytie-zamka-bez-povrezhdeniy/,Открытие замка без повреждений киев,Открытие замка без повреждений киев - OpenMe,"Открытие замка без повреждений киев в Киеве от OpenMe. Быстро, аккуратно и без лишних повреждений.",,yes,Рекомендовано створити сторінку для запиту без пошкоджень.
RU,сломался ключ в замке Киев,doors,информационный,средний,/ru/slomalsya-klyuch-v-zamke/,Сломался ключ в замке киев,Сломался ключ в замке киев - OpenMe,"Сломался ключ в замке киев в Киеве от OpenMe. Быстро, аккуратно и без лишних повреждений.",,no,Рекомендовано створити сторінку для технічних запитів.
RU,замена личинки замка Киев,repair,коммерческий,средний,/ru/zamena-lichinki-zamka/,Замена личинки замка киев,Замена личинки замка киев - OpenMe,"Замена личинки замка киев в Киеве от OpenMe. Быстро, аккуратно и без лишних повреждений.",,yes,Рекомендовано окрему сторінку для заміни личинки.
